"agency","R","Batchfile","CSS","HTML","Inno Setup","JavaScript","Python","Makefile","TeX","C","C++","Shell","PowerShell","Fortran","TypeScript","Julia","Java","MATLAB","Perl","Roff","C#","Dockerfile","SCSS","kvlang","Jupyter Notebook","Tcl","Visual Basic .NET","Mako","Vue","CMake","Pascal","Ruby","Visual Basic 6.0","Less","PHP","XSLT","Stylus","Procfile","Twig","Stata","TSQL","EJS","AMPL","Lua","Rich Text Format","Go","ASP.NET","HLSL","ShaderLab","Assembly","CoffeeScript","NSIS","Pug","Rez","HCL","Fluent","VBA","PLpgSQL","ANTLR","M4","M","Prolog","Cuda","Mathematica","Emacs Lisp","EmberScript","Forth","Lex","NASL","NCL","NewLisp","PLSQL","Pawn","SourcePawn","Yacc","sed","DIGITAL Command Language","Jinja","Smarty","Common Lisp","Filebench WML","Verilog","Asymptote","E","Eiffel","SystemVerilog","Hack","Gnuplot","Odin","Awk","OCaml","SWIG","GLSL","IDL","PostScript","LLVM","Raku","nesC","Svelte","Module Management System","QML","Cython","OpenEdge ABL","AGS Script","Logos","Objective-C","Processing","Max","Groovy","BitBake","Scheme","QMake","Smalltalk","Kotlin","Nasal","Handlebars","FreeMarker","DTrace"
"Bureau of Land Management",1,0,0,0,0,0,0,0,0,0,0,0,0,0,0,0,0,0,0,0,0,0,0,0,0,0,0,0,0,0,0,0,0,0,0,0,0,0,0,0,0,0,0,0,0,0,0,0,0,0,0,0,0,0,0,0,0,0,0,0,0,0,0,0,0,0,0,0,0,0,0,0,0,0,0,0,0,0,0,0,0,0,0,0,0,0,0,0,0,0,0,0,0,0,0,0,0,0,0,0,0,0,0,0,0,0,0,0,0,0,0,0,0,0,0,0,0,0
"Bureau of Reclamation",0,3,1,1,1,1,5,2,1,1,1,1,1,0,0,0,0,0,0,0,0,0,0,0,0,0,0,0,0,0,0,0,0,0,0,0,0,0,0,0,0,0,0,0,0,0,0,0,0,0,0,0,0,0,0,0,0,0,0,0,0,0,0,0,0,0,0,0,0,0,0,0,0,0,0,0,0,0,0,0,0,0,0,0,0,0,0,0,0,0,0,0,0,0,0,0,0,0,0,0,0,0,0,0,0,0,0,0,0,0,0,0,0,0,0,0,0,0
"Environmental Protection Agency",98,11,49,83,2,57,85,8,22,7,3,30,1,5,14,4,5,4,2,1,7,15,14,1,18,1,3,2,5,3,4,2,1,1,3,2,2,6,2,1,2,1,1,1,1,3,1,1,1,1,1,1,1,1,1,1,1,2,1,1,0,0,0,0,0,0,0,0,0,0,0,0,0,0,0,0,0,0,0,0,0,0,0,0,0,0,0,0,0,0,0,0,0,0,0,0,0,0,0,0,0,0,0,0,0,0,0,0,0,0,0,0,0,0,0,0,0,0
"Forest Service",2,1,2,3,0,3,2,1,0,1,1,2,0,1,2,0,0,0,0,0,0,2,1,0,0,0,0,0,0,1,0,0,0,0,0,0,0,1,0,0,0,0,0,0,0,0,0,0,0,0,0,0,0,0,0,0,0,0,0,0,0,0,0,0,0,0,0,0,0,0,0,0,0,0,0,0,0,0,0,0,0,0,0,0,0,0,0,0,0,0,0,0,0,0,0,0,0,0,0,0,0,0,0,0,0,0,0,0,0,0,0,0,0,0,0,0,0,0
"National Oceanic and Atmospheric Administration",52,17,44,73,0,34,193,105,26,83,69,209,5,147,4,1,16,15,38,26,1,29,5,0,30,3,0,0,0,90,10,3,10,1,6,9,0,11,0,2,0,0,0,33,3,1,0,0,0,10,0,0,1,0,1,0,0,1,0,19,3,5,3,1,4,4,7,4,17,20,10,11,9,3,4,4,4,4,5,4,3,2,1,1,1,1,1,11,3,3,3,2,2,4,2,1,1,2,1,1,1,2,2,2,1,2,1,1,2,1,4,2,1,1,1,0,0,0
"National Park Service",31,0,7,10,0,5,7,0,5,0,0,2,0,0,1,0,0,0,0,0,0,1,1,0,2,0,0,0,0,0,0,0,0,0,0,0,0,0,0,0,0,0,0,0,0,0,0,0,0,0,0,0,0,1,0,0,0,0,0,0,0,0,0,0,0,0,0,0,0,0,0,0,0,0,0,0,0,0,1,0,0,0,0,0,0,0,0,0,0,0,0,0,0,0,0,0,0,0,0,0,0,0,0,0,0,0,0,0,0,0,0,0,0,0,0,0,0,0
"Natural Resources Conservation Service",0,0,0,0,0,0,4,0,0,0,0,0,0,0,0,0,0,0,0,0,0,0,0,0,0,0,0,0,0,0,0,0,0,0,0,1,0,0,0,0,0,0,0,0,0,0,0,0,0,0,0,0,0,0,0,0,0,0,0,0,0,0,0,0,0,0,0,0,0,0,0,0,0,0,0,0,0,0,0,0,0,0,0,0,0,0,0,0,0,0,0,0,0,0,0,0,0,0,0,0,0,0,0,0,0,0,0,0,0,0,0,0,0,0,0,0,0,0
"U.S. Army Corps Of Engineers",0,0,7,11,0,10,9,2,0,0,0,12,0,0,1,0,6,0,0,0,2,23,1,0,0,0,0,0,0,0,0,0,0,0,0,0,0,0,0,0,0,0,0,0,0,22,0,0,0,0,0,0,0,0,0,0,0,2,0,0,0,0,0,0,0,0,0,0,0,0,0,1,0,0,0,0,0,0,0,0,0,0,0,0,0,0,0,0,0,0,0,0,0,0,0,0,0,0,0,0,0,0,0,0,0,0,0,0,0,0,0,0,0,0,0,1,1,0
"U.S. Fish and Wildlife Service",14,0,0,1,0,0,0,0,1,0,1,0,0,0,0,0,0,0,0,0,0,0,0,0,0,0,0,0,0,0,0,0,0,0,0,0,0,0,0,0,0,0,0,0,0,0,0,0,0,0,0,0,0,1,0,0,0,0,0,0,0,0,0,0,0,0,0,0,0,0,0,0,0,0,0,0,0,0,0,0,0,0,0,0,0,0,0,0,0,0,0,0,0,0,0,0,0,0,0,0,0,0,0,0,0,0,0,0,0,0,0,0,0,0,0,0,0,0
"U.S. Geological Survey",4,3,4,12,0,7,20,6,1,7,5,24,0,2,1,0,13,3,2,1,0,14,4,0,6,0,0,0,0,4,0,0,0,0,1,1,0,0,0,0,0,0,0,0,0,0,0,0,0,0,0,1,0,0,0,0,0,0,0,1,1,0,0,1,0,0,0,0,0,0,0,1,0,0,0,0,0,0,0,0,0,0,0,0,0,0,0,0,0,0,0,0,0,0,2,0,0,0,0,0,0,0,1,0,0,0,0,0,0,0,0,0,0,0,0,0,0,1
