"agency","R","Batchfile","CSS","HTML","Inno Setup","JavaScript","Python","Makefile","C","C++","Shell","Jupyter Notebook","Ruby","SCSS","Objective-C","Swift","Java","SAS","AppleScript","Dart","Kotlin","Dockerfile","Handlebars","TypeScript","Fortran","TeX","Julia","CMake","MATLAB","Perl","Roff","Jinja","PLpgSQL","PowerShell","Scheme","sed","Asymptote","SystemVerilog","Visual Basic 6.0","C#","kvlang","Rez","Tcl","Visual Basic .NET","Mako","XSLT","Vue","Pascal","Less","PHP","Go","Stylus","ASP.NET","BASIC","CLIPS","Clarion","D","Elixir","Euphoria","PostScript","REXX","Rich Text Format","Scilab","VBA","nesC","Procfile","Twig","Awk","Lua","Raku","Assembly","Pawn","SourcePawn","Stata","TSQL","EJS","AMPL","HLSL","ShaderLab","GAP","Objective-C++","CoffeeScript","NSIS","Pug","SWIG","HCL","Haskell","Lex","Prolog","Fluent","Rust","Meson","PEG.js","Smarty","ANTLR","M4","BibTeX Style","Mustache","PLSQL","Gnuplot","Mathematica","Groovy","Scala","Clojure","Gherkin","RPC","Ada","Cuda","DIGITAL Command Language","Module Management System","QML","Sass","Yacc","Nextflow","Cython","Cap'n Proto","LabVIEW","Starlark","GLSL","Lasso","BitBake","IDL","P4","DTrace","MAXScript","Forth","MDX","Jsonnet","Emacs Lisp","Vim Script","PDDL","QMake","Common Lisp","templ","Logos","EmberScript","NASL","NCL","NewLisp","OCaml","E","Eiffel","Hack","Odin","M","Verilog","AGS Script","Filebench WML","Io","Mask","LLVM","Svelte","mIRC Script","Processing","Max","Smalltalk","FreeMarker","OpenEdge ABL","FreeBASIC"
"Bureau of Land Management",1,0,0,0,0,0,0,0,0,0,0,0,0,0,0,0,0,0,0,0,0,0,0,0,0,0,0,0,0,0,0,0,0,0,0,0,0,0,0,0,0,0,0,0,0,0,0,0,0,0,0,0,0,0,0,0,0,0,0,0,0,0,0,0,0,0,0,0,0,0,0,0,0,0,0,0,0,0,0,0,0,0,0,0,0,0,0,0,0,0,0,0,0,0,0,0,0,0,0,0,0,0,0,0,0,0,0,0,0,0,0,0,0,0,0,0,0,0,0,0,0,0,0,0,0,0,0,0,0,0,0,0,0,0,0,0,0,0,0,0,0,0,0,0,0,0,0,0,0,0,0,0,0,0,0,0,0,0,0
"Bureau of Reclamation",0,3,1,1,1,1,5,2,1,1,1,0,0,0,0,0,0,0,0,0,0,0,0,0,0,0,0,0,0,0,0,0,0,0,0,0,0,0,0,0,0,0,0,0,0,0,0,0,0,0,0,0,0,0,0,0,0,0,0,0,0,0,0,0,0,0,0,0,0,0,0,0,0,0,0,0,0,0,0,0,0,0,0,0,0,0,0,0,0,0,0,0,0,0,0,0,0,0,0,0,0,0,0,0,0,0,0,0,0,0,0,0,0,0,0,0,0,0,0,0,0,0,0,0,0,0,0,0,0,0,0,0,0,0,0,0,0,0,0,0,0,0,0,0,0,0,0,0,0,0,0,0,0,0,0,0,0,0,0
"Department of Homeland Security",0,0,0,1,0,1,6,0,0,0,1,5,1,1,0,0,0,0,0,0,0,0,0,0,0,0,0,0,0,0,0,0,0,0,0,0,0,0,0,0,0,0,0,0,0,0,0,0,0,0,0,0,0,0,0,0,0,0,0,0,0,0,0,0,0,0,0,0,0,0,0,0,0,0,0,0,0,0,0,0,0,0,0,0,0,0,0,0,0,0,0,0,0,0,0,0,0,0,0,0,0,0,0,0,0,0,0,0,0,0,0,0,0,0,0,0,0,0,0,0,0,0,0,0,0,0,0,0,0,0,0,0,0,0,0,0,0,0,0,0,0,0,0,0,0,0,0,0,0,0,0,0,0,0,0,0,0,0,0
"Department of Labor",0,1,2,7,0,7,3,2,0,0,4,0,3,4,2,4,2,1,1,1,2,5,1,5,0,0,0,0,0,0,0,0,0,0,0,0,0,0,0,0,0,0,0,0,0,0,0,0,0,0,0,0,0,0,0,0,0,0,0,0,0,0,0,0,0,0,0,0,0,0,0,0,0,0,0,0,0,0,0,0,0,0,0,0,0,0,0,0,0,0,0,0,0,0,0,0,0,0,0,0,0,0,0,0,0,0,0,0,0,0,0,0,0,0,0,0,0,0,0,0,0,0,0,0,0,0,0,0,0,0,0,0,0,0,0,0,0,0,0,0,0,0,0,0,0,0,0,0,0,0,0,0,0,0,0,0,0,0,0
"Environmental Protection Agency",159,29,83,120,1,79,121,18,17,15,48,31,3,20,0,0,12,0,1,0,0,24,0,22,10,34,4,9,5,6,4,1,3,4,1,1,1,1,3,16,1,5,1,6,2,6,5,9,2,5,2,2,4,1,1,1,1,1,1,1,1,3,1,3,1,7,3,1,3,1,2,2,1,1,2,1,2,3,3,2,2,1,1,1,1,3,1,1,1,1,1,1,1,1,1,1,1,1,0,0,0,0,0,0,0,0,0,0,0,0,0,0,0,0,0,0,0,0,0,0,0,0,0,0,0,0,0,0,0,0,0,0,0,0,0,0,0,0,0,0,0,0,0,0,0,0,0,0,0,0,0,0,0,0,0,0,0,0,0
"Forest Service",9,1,2,3,0,4,2,2,2,3,2,0,0,1,0,0,0,0,0,0,0,1,0,1,1,0,0,1,0,0,0,0,0,0,0,0,0,0,0,0,0,0,0,0,0,0,0,0,0,0,0,0,0,0,0,0,0,0,0,0,0,0,0,0,0,1,0,0,0,0,0,0,0,0,0,0,0,0,0,0,0,0,0,0,0,0,0,0,0,0,0,0,0,0,0,0,0,0,0,0,0,0,0,0,0,0,0,0,0,0,0,0,0,0,0,0,0,0,0,0,0,0,0,0,0,0,0,0,0,0,0,0,0,0,0,0,0,0,0,0,0,0,0,0,0,0,0,0,0,0,0,0,0,0,0,0,0,0,0
"National Aeronautics and Space Administration",11,17,48,71,1,66,207,71,82,59,152,57,12,21,1,1,21,1,0,0,1,62,2,19,16,15,2,76,24,17,8,2,3,2,1,0,0,0,0,3,0,1,4,0,1,5,3,7,0,3,2,0,0,0,0,0,1,0,0,1,0,0,1,0,3,7,0,2,8,0,4,1,0,0,0,0,1,0,1,1,2,1,1,0,6,6,4,2,1,0,1,1,0,1,3,11,0,0,6,4,1,2,3,1,2,2,1,1,2,1,1,1,4,1,5,1,1,2,6,1,1,3,1,3,2,1,3,2,3,1,1,4,3,1,1,0,0,0,0,0,0,0,0,0,0,0,0,0,0,0,0,0,0,0,0,0,0,0,0
"National Oceanic and Atmospheric Administration",71,27,55,84,2,48,318,134,114,75,297,60,2,9,1,0,17,0,0,0,0,48,1,3,178,38,1,133,23,51,29,13,3,6,1,5,1,1,17,1,0,1,3,0,1,10,0,11,2,8,5,0,0,0,0,0,2,0,0,5,0,4,0,0,2,12,0,5,63,2,7,10,2,2,0,0,0,0,0,0,0,0,0,2,2,3,0,5,2,0,0,0,0,4,0,24,2,0,15,11,1,3,0,0,1,0,0,3,8,1,5,0,5,0,10,0,0,0,4,0,7,6,0,0,0,6,0,0,3,0,0,0,4,0,1,4,12,25,8,4,1,1,1,3,1,1,6,3,1,1,1,1,1,1,1,1,0,0,0
"National Park Service",44,0,7,8,0,4,7,0,0,0,1,2,0,1,0,0,0,0,0,0,0,0,0,2,0,8,0,0,0,0,0,0,0,0,0,0,0,0,0,0,0,2,0,0,0,0,0,0,0,0,0,0,0,0,0,0,0,0,0,0,0,0,0,0,0,0,0,0,0,0,0,0,0,0,0,0,0,0,0,0,0,0,0,0,0,0,0,0,0,0,0,0,0,1,0,0,0,0,0,0,0,0,0,0,0,0,0,0,0,0,0,0,0,0,0,0,0,0,0,0,0,0,0,0,0,0,0,0,0,0,0,0,0,0,0,0,0,0,0,0,0,0,0,0,0,0,0,0,0,0,0,0,0,0,0,0,0,0,0
"Natural Resources Conservation Service",0,0,0,0,0,0,2,0,0,0,0,0,0,0,0,0,0,0,0,0,0,0,0,0,0,0,0,0,0,0,0,0,0,0,0,0,0,0,0,0,0,0,0,0,0,1,0,0,0,0,0,0,0,0,0,0,0,0,0,0,0,0,0,0,0,0,0,0,0,0,0,0,0,0,0,0,0,0,0,0,0,0,0,0,0,0,0,0,0,0,0,0,0,0,0,0,0,0,0,0,0,0,0,0,0,0,0,0,0,0,0,0,0,0,0,0,0,0,0,0,0,0,0,0,0,0,0,0,0,0,0,0,0,0,0,0,0,0,0,0,0,0,0,0,0,0,0,0,0,0,0,0,0,0,0,0,0,0,0
"U.S. Army Corps of Engineers",0,0,11,15,0,15,11,3,0,0,14,0,0,3,0,0,8,0,0,0,0,25,1,4,0,0,0,0,0,0,0,0,4,0,0,0,0,0,0,3,0,0,0,0,0,1,0,0,0,0,25,0,0,0,0,0,0,0,0,0,0,0,0,0,0,0,0,0,0,0,0,0,0,0,0,0,0,0,0,0,0,0,0,0,0,0,0,0,0,0,0,0,0,0,0,0,0,0,0,0,0,0,0,0,0,0,0,0,0,0,0,0,0,0,0,0,0,0,0,0,0,0,0,0,0,0,0,0,0,0,0,0,0,0,0,0,0,0,0,0,0,0,0,0,0,0,0,0,0,0,0,0,0,0,0,0,1,0,0
"U.S. Fish and Wildlife Service",26,0,3,8,0,3,1,0,0,1,0,1,0,6,0,0,0,0,0,0,0,0,0,1,0,4,0,0,0,0,0,1,0,0,0,0,0,0,0,0,0,0,0,0,0,0,0,0,0,0,0,0,0,0,0,0,0,0,0,0,0,0,0,0,0,0,0,0,3,0,0,0,0,0,0,0,0,0,0,0,0,0,0,1,0,0,0,0,0,0,0,0,0,0,0,0,0,0,0,0,0,0,0,0,0,0,0,0,0,0,0,0,0,0,0,0,0,0,0,0,0,0,0,0,0,0,0,0,0,0,0,0,0,0,0,0,0,0,0,0,0,0,0,0,0,0,0,0,0,0,0,0,0,0,0,0,0,0,0
"U.S. Geological Survey",3,4,6,12,0,9,19,7,8,6,23,6,0,4,0,0,11,0,0,0,0,11,0,2,3,2,0,5,3,2,1,0,0,0,0,0,0,0,0,0,0,0,0,0,0,0,0,0,0,1,0,0,0,0,0,0,0,0,0,2,0,0,0,0,0,0,0,0,0,0,0,0,0,0,0,0,0,0,0,0,0,0,1,0,0,0,0,0,0,0,0,0,0,1,0,1,0,0,1,0,1,1,0,0,0,0,0,1,0,0,0,0,0,0,0,0,0,0,0,0,0,0,0,1,0,0,0,0,0,0,0,0,0,0,0,0,0,0,0,0,0,0,0,0,1,0,0,0,0,0,0,0,0,0,0,0,0,1,1
